{
	"sg_abort": {"category": "ambient", "sounds": ["sgcraft:sg_abort"]},
	"sg_close": {"category": "ambient", "sounds": ["sgcraft:sg_close"]},
	"sg_dial7": {"category": "ambient", "sounds": ["sgcraft:sg_dial7"]},
	"sg_dial9": {"category": "ambient", "sounds": ["sgcraft:sg_dial9"]},
	"sg_open":  {"category": "ambient", "sounds": ["sgcraft:sg_open"]},
	"iris_open":  {"category": "ambient", "sounds": ["sgcraft:iris_open"]},
	"iris_close": {"category": "ambient", "sounds": ["sgcraft:iris_close"]},
	"iris_hit": {"category": "ambient", "sounds": ["sgcraft:iris_hit"]}
}
