{
    "pools": [
        {
            "conditions": [
                {
                    "condition": "random_chance",
                    "chance": 1.0
                }
            ],
            "rolls": {
                "min": 1,
                "max": 2
            },
            "entries": [
                {
                    "type": "item",
                    "name": "sgcraft:sgCoreCrystal",
                    "weight": 1,
                    "functions": [
                        {
                            "function": "minecraft:set_count",
                            "count": {
                                "min": 1,
                                "max": 2
                            }
                        }
                    ]
                },
                {
                    "type": "item",
                    "name": "sgcraft:sgControllerCrystal",
                    "weight": 1,
                    "functions": [
                        {
                            "function": "minecraft:set_count",
                            "count": {
                                "min": 1,
                                "max": 2
                            }
                        }
                    ]
                }
            ]
        },
        {
            "conditions": [
                {
                    "condition": "random_chance",
                    "chance": 0.5
                }
            ],
            "rolls": 1,
            "entries": [
                {
                    "type": "item",
                    "name": "sgcraft:naquadahIngot",
                    "weight": 1,
                    "functions": [
                        {
                            "function": "minecraft:set_count",
                            "count": {
                                "min": 32,
                                "max": 64
                            }
                        }
                    ]
                }
            ]
        },
        {
            "conditions": [
                {
                    "condition": "random_chance",
                    "chance": 0.75
                }
            ],
            "rolls": 1,
            "entries": [
                {
                    "type": "item",
                    "name": "sgcraft:naquadah",
                    "weight": 1,
                    "functions": [
                        {
                            "function": "minecraft:set_count",
                            "count": {
                                "min": 8,
                                "max": 16
                            }
                        }
                    ]
                }
            ]
        },
        {
            "conditions": [
                {
                    "condition": "random_chance",
                    "chance": 0.5
                }
            ],
            "rolls": 1,
            "entries": [
                {
                    "type": "item",
                    "name": "minecraft:ender_pearl",
                    "weight": 1,
                    "functions": [
                        {
                            "function": "minecraft:set_count",
                            "count": {
                                "min": 6,
                                "max": 24
                            }
                        }
                    ]
                }
            ]
        }
    ]
}
