{
    "pools": [
        {
            "conditions": [
                {
                    "condition": "random_chance",
                    "chance": 0.75
                }
            ],
            "rolls": {
                "min": 1,
                "max": 2
            },
            "entries": [
                {
                    "type": "item",
                    "name": "sgcraft:sgCoreCrystal",
                    "weight": 1
                },
                {
                    "type": "item",
                    "name": "sgcraft:sgControllerCrystal",
                    "weight": 2
                }
            ]
        }
    ]
}
