{
    "pools": [
        {
            "conditions": [
                {
                    "condition": "random_chance",
                    "chance": 0.5
                }
            ],
            "rolls": {
                "min": 1,
                "max": 2
            },
            "entries": [
                {
                    "type": "item",
                    "name": "sgcraft:naquadahIngot",
                    "weight": 2,
                    "functions": [
                        {
                            "function": "minecraft:set_count",
                            "count": {
                                "min": 1,
                                "max": 8
                            }
                        }
                    ]
                },
                {
                    "type": "item",
                    "name": "sgcraft:sgCoreCrystal",
                    "weight": 1
                },
                {
                    "type": "item",
                    "name": "sgcraft:sgControllerCrystal",
                    "weight": 1
                }
            ]
        }
    ]
}
